"Volume (L)","GPP (g C)","Rd (g C)","Rd (g C).1","Cs (g C)","Cf (g C)","Cr (g C)","Cw (g C)","Clit (g C)"
5,21.0047860196816,4.61239252708356,8.36754056482633,0.18522588250706,0.820851054716726,2.28707942219083,2.53088166007819,2.20081490827892
10,27.571059056436,5.76872385107353,11.6568567159926,0.247145678000662,1.10317754869376,3.02040882969138,3.17906371950048,2.59568271348359
15,34.4542840483486,7.7190434137033,11.1100431229531,0.935232716018326,1.94477026033507,5.08680271929272,4.52814878325873,3.13024303278732
20,28.7043522855688,4.38171439020733,11.050601211238,0.438090942605309,1.63978131102116,5.63185952645711,3.30312505010754,2.25917985393236
25,38.9828508739932,6.94413266303165,11.1846624334017,0.624788388301814,2.67213756180572,9.2579336143511,5.19016969856372,3.10902651453751
35,57.8902877528589,9.89009852168654,16.3261497177105,1.33582862188369,4.1672183960844,14.6847293760306,7.67524250130545,3.81102061815766
1000,186.586030111792,32.9874177679502,50.2010667589191,5.87617566295951,23.5385196503691,40.2941753709242,23.5460222843204,10.1426526163499
