"variable","change.Cday","change.Rd","change.alloc","change.Y","change.sf","change.k"
"Mleaf",2.39463085597798,-0.0122758183502303,2.36015545687434,-0.149690245442283,0.759417456848618,0.129757216591389
"Mstem",2.07138695206244,-0.0107896786490986,0.527899642003962,-0.142772711165228,0.459355581762337,0.294262668566201
"Mroot",2.71446005111994,-0.012422061350602,0.725186804412108,-0.149749192884883,0.48464229253384,0.36988823393457
