"volume","respdark","g1_vol","Jmax","Vcmax","alpha"
5,0.60785371108048,5.144015762932,103.689667129479,62.8615139344193,0.144932052250258
10,0.788136054706094,5.44610793002963,116.536950030212,69.3977758838052,0.162889319625009
15,0.698654142719815,5.84043196007744,123.147991017138,79.3620848982904,0.17212989068933
20,0.729255027941652,4.98195258757583,129.961721654231,81.4123096403516,0.181653770860351
25,0.52834872711382,4.60597003020489,131.907692302648,78.5853423454955,0.184373747956446
35,0.605917760125508,4.63177205415578,121.218514660318,78.0033166023345,0.169432968460685
1000,0.640314727677235,4.69206681674617,171.704738356319,101.190523980786,0.24
