"volume","carbon_day"
"5",4.66189191950134
"10",5.10737427365112
"15",5.82201770657102
"20",6.03080383004428
"25",6.08538142864887
"35",5.7936808738167
"1000",7.62582239733852
